message;label
FESTOES ARAMADOS/ARCO FESTAO VD PT C/1 UN 1466H 250CM;Navidad
GUIRNALDA CON FRUTAS Y PIÑAS DIAM. 50CM;Navidad
GUIRNALDA CON FRUTAS Y PIÑAS DIAM. 55CM;Navidad
GUIRNALDA CON RAMAS MIXTAS DIAM. 120CM;Navidad
GUIRNALDA CON RAMAS MIXTAS DIAM. 40CM;Navidad
GUIRNALDA CON RAMAS MIXTAS DIAM. 60CM;Navidad
GUIRNALDA CON RAMAS MIXTAS DIAM. 80CM;Navidad
GUIRNALDA NEVADA ;Navidad
GUIRNALDA NEVADA DIAM 120 CM;Navidad
GUIRNALDA NEVADA DIAM 40 CM;Navidad
GUIRNALDA NEVADA DIAM 60 CM;Navidad
GUIRNALDA NEVADA DIAM 80 CM;Navidad
MINI GUIRNALDA CON HOJAS Y FRUTAS DIAM. 14,00;Navidad
MINI GUIRNALDA CON HOJAS Y FRUTAS DIAM. 14,00;Navidad
MINI GUIRNALDA CON HOJAS Y FRUTAS DIAM. 14,00;Navidad
MINI GUIRNALDA CON HOJAS Y FRUTAS DIAM. 7,00;Navidad
MINI GUIRNALDA CON HOJAS Y FRUTAS DIAM. 9,00;Navidad
MINI GUIRNALDA NEVADA DIAM.10 CMS.;Navidad
MINI GUIRNALDA NEVADA DIAM.9.5 CMS;Navidad
MINI GUIRNALDA ROJA/DORADA DIAM.8,00;Navidad
VELA  DE ANGEL ORANDO (P) C.BLANCO JY522W;Eventos religiosos
VELA DE ANGEL SENTADO (P) C.BLANCO FM-04W;Eventos religiosos
"ADORNO MEDIANO ""NIÑA ORANDO! ST1490(M)";Eventos religiosos
ANGEL ORANDO DORADO/BLANCO 11.8*7.8*29.2 CM ;Eventos religiosos
PAPA NOEL   DE CERAMICA 14.5 X 10.5 X 31CM;Navidad
RENO DECORATIVO COL.DORADO 16.3 X 13 X 17.8CM;Navidad
RENO DECORATIVO DE CERAMICA COL.DORADO 12.5 X 8.8 X 12.7CM;Navidad
RENO NAVIDEÑO DE CERAMICA 12.5 X 8 X 22CM;Navidad
TAZA MOD. HOMBRE DE NIEVE TQ1136-6;Navidad
ARBOL DE CERAMICA COL.DORADO C/LUCES LED 12.2 X 11.8 X 27.5C;Navidad
ARBOL DE CERAMICA COL.DORADO C/LUCES LED 16.7 X 15.5 X 37CM;Navidad
ARBOL DE NAVIDA Y HOMBRE DE NIEVE C/LUCES LED 16.1 X 6.9 X 2;Navidad
ARBOL DE NAVIDA Y PAPA NOEL C/LUCES LED 16.1 X 6.9 X 24.6CM;Navidad
HOMBRE DE NIEVE DE CERAMICA C/LUCES LED  17.5 X 12 X 22.2CM;Navidad
HOMBRE DE NIEVE C/LUCES LED 12.6 X 6.9 X 13CM;Navidad
HOMBRE DE NIEVE EN PATINETA C/LUCES LED  12.3 X 6.7 X 14.3CM;Navidad
BOLSA TRANS 25X35 - CHRISTMAS - 500 GRS C/100;Navidad
BOLSA TRANS 25X35 - FESTA DO PANETONE BRANCO-500 GRS C/100;Navidad
BOLSA TRANS 25X35 - FESTA DO PANETONE OURO-500 GRS C/100;Navidad
PIROTIN HALLOWEEN P/CUPCAKE X 50 UND;Halloween
CACHEPOT BATISMO 7X6,9X9,2 C/08;Eventos religiosos
CACHEPOT HALLOWEEN 12X12X10 C/01;Halloween
CACHEPOT MEU BATIZADO 8X8X8,5 C/08 UND;Eventos religiosos
CESTA DE CARTAO HALLOWEEN M 22X15X9  C/01 UND;Halloween
CESTINHA BATISMO P 5,5X5,5X6 C/10;Eventos religiosos
CONVITE BATISMO 9X11 C/08;Eventos religiosos
CX BEM CASADO CORACAO NOIVINHOS 6,5X6,5X5,5 C/12 UND;Eventos religiosos
CX P/DOCES BIBLIA BATISMO 9X3X7 C/08;Eventos religiosos
CX TRAPEZIO FE G 23X10,5X35  C/10 ;Eventos religiosos
CX TRAPEZIO FE M 19X9,5X29  C/10 ;Eventos religiosos
CX TRAPEZIO FE P 12X6X18  C/10 ;Eventos religiosos
CX.BEM CASADO QUAD.6,5X6,5X3,5 - NOIVO E NOIVA C/12 UN.;Eventos religiosos
FORMINHA PARA DOCE - CAVEIRA PINK  C/24 UN.;Halloween
FORMINHA PARA DOCE - CAVEIRA PRETO C/24 UN.;Halloween
PAINEL 3 LAMINAS 3D BATISMO C/01;Eventos religiosos
PLACAS JUST MARRIED CASAMENTO CLASSICO 35X28 C/01 UND;Eventos religiosos
PLAQUINHAS NUMERO MESA 01 A 30 CASAMENTO CLASSICO C/30;Eventos religiosos
PRATO REDONDO BATISMO 18CM UV 12X08;Eventos religiosos
PRATO REDONDO HALLOWEEN 18CM C/08;Halloween
PRATO REDONDO MEU BATIZADO 18CM C/08;Eventos religiosos
PRATO REDONDO MEU BATIZADO 21CM C/08;Eventos religiosos
SUPORTE ESPECIAL ORATORIO MEU BATIZADO 21X13X34 C/01UND;Eventos religiosos
COPO PAPEL BATISMO 240ML C/08;Eventos religiosos
COPO PAPEL MEU BATIZADO 240ML C/08;Eventos religiosos
COPO PAPEL MUMIA 240ML C/08;Halloween
CX MALETA KIDS HALLOWEEN M 12X12X8  C/10 UND;Halloween
BANDEJA LAMINADA BATISMO R5 C/01;Eventos religiosos
BANDEJA LAMINADA HALLOWEEN R4  C/01 UND;Halloween
MARMITINHA BATISMO M 8,5X6,5X2,5 C/12;Eventos religiosos
MARMITINHA BATISMO P 5,5X5,5X3 C/12;Eventos religiosos
FAIXA DECORATIVA BATISMO C/01;Eventos religiosos
FAIXA DECORATIVA HALLOWEEN 20X19,1 C/01 UND;Halloween
CX ANJO BATISMO AZUL 8X6X11,5 C/08;Eventos religiosos
CX ANJO BATISMO BEGE 8X6X11,5 C/08;Eventos religiosos
CX ANJO BATISMO BRANCO 8X6X11,5 C/08;Eventos religiosos
CX ANJO BATISMO ROSA 8X6X11,5 C/08;Eventos religiosos
CX BEM CASADO FRUFRU MEU BATIZADO 11X4X8 C/24 UND;Eventos religiosos
CHAPEU DE BRUXA HALLOWEEN 33X33X25 C/01;Halloween
ESPETOS DEC JUST MARRIED/CORACOES SORT CAS ESCARLATE C/08;Eventos religiosos
CX RET C/TAMPA SMOKING P 24X18X8  C/10 ;Eventos religiosos
CX MINI CONE NOIVINHOS C/10 UND;Eventos religiosos
KIT MINI CONES P/FESTA BATISMO C/08;Eventos religiosos
GUIRNALDA DECORATIVA CALABAZAS X 2 MTS;Halloween
GUIRNALDA DECORATIVA FANTASMAS  X 2 MTS;Halloween
GUIRNALDA DECORATIVA MURCIELAGOS X 2 MTS;Halloween
GUARDANAPO MEU BATIZADO 25X25 UV 12X20;Eventos religiosos
KIT LEMBRANCINHA BATISMO SORTIDO G 14X8X4 C/10;Eventos religiosos
HALLOWEEN/PORTA VELA  C/1 UN;Halloween
HALLOWEEN/VELA CAVEIRA PT/LR PT C/ 1 UND;Halloween
KIT FUNDO RETANGULAR MEU BATIZADO 8,5X4,5X5,5 UV 10X10 -LP;Eventos religiosos
NIÑA PRIMERA COMUNION DE PORCELANA (M) A368030G;Eventos religiosos
NIÑA PRIMERA COMUNION DE PORCELANA (P) GS103443G;Eventos religiosos
NIÑO PRIMERA COMUNION DE PORCELANA (M) A368031B;Eventos religiosos
NIÑO PRIMERA COMUNION DE PORCELANA (P) GS103443B;Eventos religiosos
APLIQUES ADESIVOS ASAS DE ANJO BATIZADO C/06 UND;Eventos religiosos
APLIQUES ADESIVOS P/DECORACAO ANJOS BATIZADO C/06 UND;Eventos religiosos
PICK LONGO BATIZADO C/06;Eventos religiosos
PICK P/DOCINHOS BATIZADO C/06;Eventos religiosos
PRENDEDORES BATIZADO ANJOS  PQT/06 ;Eventos religiosos
BANDERIN PRIMERA COMUNION PQTE X 5;Eventos religiosos
BASES HALLOWEEN DISEÑO BOO PQTE X 10;Halloween
BASES HALLOWEEN DISEÑO BRUJA PQTE X 10;Halloween
BASES HALLOWEEN DISEÑO FRANKESTEIN PQTE X 10;Halloween
BASES HALLOWEEN DISEÑO MOMIA PQTE X 10;Halloween
FLOR NAVIDEÑA 5'' MOD. 1  DE 2 CAPAS C/ESCARCHA Y LENTEJUELA;Navidad
FLOR NAVIDEÑA 5'' MOD. 1 DE DOS CAPAS CON ESCARCHA Y LENTEJU;Navidad
FLOR NAVIDEÑA 5'' MOD. 1 DE DOS CAPAS CON ESCARCHA Y LENTEJU;Navidad
"FLOR NAVIDEÑA 5"" MOD.1  DE DOS CAPAS CON ESCARCHA Y LENTEJUE";Navidad
FLOR NAVIDEÑA C/HOJAS VERDE MOD.1 ESCARCHA-LENTEJUELAS DORAD;Navidad
FLOR NAVIDEÑA C/HOJAS VERDE MOD.1 ESCARCHA-LENTEJUELAS PLATE;Navidad
FLOR NAVIDEÑA C/HOJAS VERDE MOD.1 ESCARCHA-LENTEJUELAS ROJO;Navidad
FLOR NAVIDEÑA C/REGALO XMAS MOD.1 ESCARCHA Y LENTEJUELAS  RO;Navidad
FLOR NAVIDEÑA XMAS MOD.1 ESCARCHA  Y LENTEJUELAS ROJO;Navidad
FLOR NAVIDEÑA XMAS MOD.1 ESCARCHA Y LENTEJUELAS DORADA;Navidad
FLOR NAVIDEÑA XMAS MOD.1 ESCARCHA Y LENTEJUELAS PLATEADA ;Navidad
FLOR NAVIDEÑA XMAS MOD.2 ESCARCHA  Y LENTEJUELAS PLATEADO;Navidad
FLOR NAVIDEÑA XMAS MOD.2 ESCARCHA Y LENTEJUELAS DORADA ;Navidad
FLOR NAVIDEÑA XMAS MOD.2 ESCARCHA Y LENTEJUELAS ROJO;Navidad
FLOR NAVIDEÑA XMAS MOD.3 ESCARCHA Y LENTEJUELAS CELESTE ;Navidad
FLOR NAVIDEÑA XMAS MOD.3 ESCARCHA Y LENTEJUELAS DORADA;Navidad
FLOR NAVIDEÑA XMAS MOD.3 ESCARCHA Y LENTEJUELAS PLATEADA;Navidad
FLOR NAVIDEÑA XMAS MOD.3 ESCARCHA Y LENTEJUELAS ROJO ;Navidad
FLOR NAVIDEÑA XMAS MOD.4 ESCARCHA  Y LENTEJUELAS DORADO;Navidad
FLOR NAVIDEÑA XMAS MOD.4 ESCARCHA Y LENTEJUELAS  ROJO;Navidad
FLOR NAVIDEÑA XMAS MOD.5 ESCARCHA  Y LENTEJUELAS DORADO;Navidad
FLOR NAVIDEÑA XMAS MOD.5 ESCARCHA Y LENTEJUELAS PLATEADO;Navidad
FLOR NAVIDEÑA XMAS MOD.5 ESCARCHA Y LENTEJUELAS ROJO;Navidad
GUIRNALDA NAVIDEÑA;Navidad
MOLDES MOD./ HALLOWEN DIS/CALABAZAS ZG016;Halloween
MOLDES MOD./HALLOWEN DIV./DISEÑOS ZG017;Halloween
MUÑECO DE NIEVE C/REGALO C/TRAJE DORADO;Navidad
MUÑECO DE NIEVE C/REGALO SENTADO DORADO;Navidad
MUÑECO DE NIEVE DE CERAMICA 13 X 8 X 17.5CM;Navidad
MUÑECO DE NIEVE DE CERAMICA 14 X 12 X 20.5CM;Navidad
MUÑECO DE NIEVE DE CERAMICA 14.5 X 11 X 20.5CM;Navidad
MUÑECO DE NIEVE PATILARGO SENTADO DORADO;Navidad
MUÑECO DE NIEVE SENTADO DORADO;Navidad
NIÑO PARADO C/HOMBRE DE NIEVE ROJO/DORADO 28*22*40.5 CM;Navidad
PAJARITO NAVIDEÑO XMAS C/PICK DE METAL MOD.1 ESCARCHA-LENTEJ;Navidad
PAJARITO NAVIDEÑO XMAS C/PICK DE METAL MOD.1 ESCARCHA-LENTEJ;Navidad
PAJARITO NAVIDEÑO XMAS C/PICK DE METAL MOD.1 ESCARCHA-LENTEJ;Navidad
PAPA NOEL C/LUCES LED  12.6 X 6.9 X 13CM;Navidad
PAPA NOEL DE CERAMICA  C/LUCES LED 17.5 X 12 X 22.2CM;Navidad
PAPA NOEL DE CERAMICA  C/LUCES LED 26 X 19 X 32.5CM;Navidad
PAPA NOEL DE CERAMICA 11.3 X 9.4 X 13.2 CM;Navidad
PAPA NOEL DE CERAMICA 15 X 12 X 24CM;Navidad
PAPA NOEL DE CERAMICA 20.7 X 12 X 19.7CM;Navidad
PAPA NOEL EN PATINETA C/LUCES LED  12.3 X 6.7 X 14.3CM;Navidad
PAPA NOEL SENTADO DORADO ;Navidad
PAPEL PICADO NAVIDEÑO DORADO;Navidad
RAMA NAVIDEÑA COL. BLANCO;Navidad
MUÑECO DE NIEVES DE CERAMICA 14.5 X 11 X 21.5CM;Halloween
MOLDES MOD. AAAA / HALLOWEN DIS/CALABAZAS ZG018;Halloween
MOLDES MOD.1345/HALLOWEN DIV./DISEÑOS;Halloween
MUÑECO DE NIEVE DE CERAMICA 14.5 X 11 X 21.5CM;Navidad
MUÑECO DE NIEVES DE CERAMICA 13.5 X 11 X 21.5CM;Navidad
MUÑECO DE NIEVES DE CERAMICA 13.5 X 11 X 40CM;Navidad
