Descripcion;Linea
CAJA DE METAL CON COLGADOR DIS.  RENO EN NIEVE 03499-3  ;Navidad
BOLSO DE POLIÉSTER CON ASA SUPERIOR DISEÑO HALLOWEEN SILUETA BRUJITA;Halloween
TELARAÑA Y ARAÑA DE POLIÉSTER MOD HALLOWEEN;Halloween
SET DE 6 ARAÑAS DE PLÁSTICO PARA DECORACIÓN;Halloween
PAPA NOEL DE CERAMICA  C/LUCES LED 17.5 X 12 X 22.2CM;Navidad
ADORNO DE PAPEL PARA HALLOWEEN X 5;Halloween
KIT DE 6 BOLSAS PARA DULCES CALAVERA MORTÍFERA;Halloween
MOLDE DE SILICONA PARA MASA FONDANT DISEÑO CALAVERAS HALLOWEEN;Halloween
CAJA RECTANGULAR HALLOWEEN MEDIANA 12X12X8  C/10 UND;Halloween
CESTA DE CARTON NAVIDAD HORA DE ALEGRIA G 32X24X11 C/01 UND;Navidad
BOLSO DE POLIÉSTER CON ASA SUPERIOR DISEÑO HALLOWEEN SILUETA CALABAZA;Halloween
CESTA DE CARTON TIEMPO DE NAVIDAD P 18X13X7,5 C/01 UND;Navidad
CAJA NAVIDEÑA DE METAL REDONDO JOY X 3 PZS 221114-SA;Navidad
CESTA DE CARTON NAVIDAD HORA DE ALEGRIA P 18X13X7,5 C/01 UND;Navidad
BALDECITO DE METAL CON ASA – DISEÑO HALLOWEEN 10CM ALTO;Halloween
GLOBOS SET 10 MIX COLORES CON DISEÑOS HALLOWEEN;Halloween
CAJA RECTANGULAR GRANDE ALEGRIA DE NAVIDAD 21X7,5X26  C/10;Navidad
CARTEL FLECHA HALLOWEEN 36 CM MODELO 1;Halloween
BOLSITAS PARA DULCES HAPPY HALLOWEEN 10 UND;Halloween
SACO TRANSP 60X75 NAVIDAD HORA DE ALEGRIA PT C/25;Navidad
GLOBOS CALAVERA SET 10PZS NEGRO CON DISEÑO CATRINA;Halloween
RAMA NAVIDEÑA  HOJAS Y CEREZAS  ALT. 56,00 X LARG. 18,00;Navidad
MOLDE DE PIE DE PLÁSTICO SILUETA CALABAZA HALLOWEEN;Halloween
RAMA NAVIDEÑA  HOJAS Y CEREZAS ALT. 26,00 X LARG. 9,00;Navidad
"CAJA REDONDE DE METAL ""COPOS DE NIEVE CLESTE"" X 3PZAS      0";Navidad
RAMA NAVIDEÑA CON CEREZAS Y FRUTAS  ALT. 29,00 X LARG. 18,00;Navidad
PAPA NOEL DE CERAMICA  C/LUCES LED 26 X 19 X 32.5CM;Navidad
BASES HALLOWEEN DISEÑO BRUJA PQTE X 10;Halloween
CESTA DE CARTON NAVIDAD HORA DE ALEGRIA MG 27X18,5X9,5 C/01 UN;Navidad
MUÑECO DE NIEVE DE CERAMICA 14 X 12 X 20.5CM;Navidad
PAPA NOEL C/SACO DE REGALOS ALT. 46,00 X LARG. 29,00;Navidad
LATA NAVIDEÑA DE METAL REDONDO ARMABLE X 3 PZS 03197-2;Navidad
CAJA RECTANGULAR MEDIANA ALEGRIA DE NAVIDAD  18X7,5X21  C/10;Navidad
GLOBO SILUETA GATO Y CALABAZA DE HALLOWEEN;Halloween
GUIRNALDA VAMPIRO HALLOWEEN 2,74 M;Halloween
CESTA DE CARTON NAVIDAD HORA DE ALEGRIA M 22X15X9 C/01 UND;Navidad
MUÑECO DE NIEVE DE CERAMICA 13 X 8 X 17.5CM;Navidad
BOLSA TRANSPARENTE 25X35 - FIESTA DE PANETON DORADO-500 GRS C/100;Navidad
GLOBO CIRCULAR HAPPY HALLOWEEN;Halloween
CAJA NAVIDEÑA DE METAL REDONDO ARMABLE X 3 PZS 03197-1;Navidad
CESTA DE CARTON HALLOWEEN M 22X15X9  C/01 UND;Halloween
HOMBRE DE NIEVE C/LUCES LED 12.6 X 6.9 X 13CM;Navidad
CUBO RECOGE DULCES CALABAZA 15 CM;Halloween
BASES HALLOWEEN DISEÑO MOMIA PQTE X 10;Halloween
DECORACIÓN PARA HALLOWEEN DULCE O TRUCO;Halloween
BOLSA PARA DULCES CALABAZA HALLOWEEN 38 CM;Halloween
PAPA NOEL EN PATINETA C/LUCES LED  12.3 X 6.7 X 14.3CM;Navidad
CAJA RECTANGULAR GRANDE MAGIA DE NAVIDAD 21X7,5X26 C/10;Navidad
"BALDE DE METAL COLOR MORADO ""COPOS DE NIEVE"" (P) 12137";Navidad
GLOBO METALIZADO PACK DE 5PZAS DE HALLOWEEN;Halloween
BASES HALLOWEEN DISEÑO FRANKESTEIN PQTE X 10;Halloween
"CAJA DE METAL CUADRADA ""PAPANOEL Y OBSEQUIOS"" X 3 PCS T303-C";Navidad
GUIRNALDA MONSTRUOS HALLOWEEN 240 CM;Halloween
BALDECITO DE METAL CON ASA – DISEÑO HALLOWEEN 12CM ALTO;Halloween
CESTA DE CARTON TIEMPO DE NAVIDAD MG 27X18,5X9,5 C/01 UND;Navidad
"CAJA DE METAL CUADRADA ""PAPANOEL Y ARBOL"" X 3 PCS T303-C3";Navidad
PAPA NOEL C/ SACO Y LAMPARIN   ALT. 62,00 X  LARG. 37,00;Navidad
ARAÑA DE POLIÉSTER MOD HALLOWEEN;Halloween
RAMO DE  HOJAS NAVIDEÑAS MOD.1  C/ESCARCHA  ROJO VERDE/ DORADO;Navidad
PAPA NOEL C/SACO DE REGALOS ALT. 63,00 X LARG. 34,00;Navidad
GUIRNALDA HAPPY HALLOWEEN NARANJA CON LUNARES NEGROS;Halloween
BOLSA TRANSP. DEC. 80X90 SUPER NOEL  C/05;Navidad
"CAJA REDONDA DE METAL ""FELIZ NAVIDAD"" X 3 PZAS 03369XQ-07";Navidad
PAPA NOEL C/ SACO Y SKI   ALT. 62,00 X  LARG. 36,00;Navidad
DECORACIÓN COLGANTE ESQUELETO 62 CM;Halloween
"FLOR NAVIDEÑA 5"" MOD.1  DE DOS CAPAS CON ESCARCHA Y LENTEJUE";Navidad
DECORACIÓN COLGANTE ESQUELETO VAMPIRO 95CM;Halloween
CAJA RECTANGULAR PEQUEÑA ALEGRIA DE NAVIDAD  15X6X18  C/10;Navidad
ADORNO DE PLÁSTICO CALABAZA CON LUCES Y SONIDO A PILA;Halloween
HALLOWEEN/VELA CALAVERA PT/LR PT C/ 1 UND;Halloween
GLOBO SILUETA BRUJITA DE HALLOWEEN X10;Halloween
CESTA DE CARTON TIEMPO DE NAVIDAD M 22X15X9 C/01 UND;Navidad
RAMA NAVIDEÑA CON HOJAS, FRUTAS Y PIÑAS  ALT. 29,00 X LARG. ;Navidad
"CAJA REDONDE DE METAL ""PAPANOEL CON RENO"" X 3 PZAS 03369-07";Navidad
ADORNO DE PLÁSTICO CALABAZA HALLOWEEN;Halloween
GLOBO HALLOWEEN CASA EMBRUJADA 45CM;Halloween
FLOR NAVIDEÑA 5'' MOD. 1  DE 2 CAPAS C/ESCARCHA Y LENTEJUELA;Navidad
BALDECITO DE METAL CON ASA – DISEÑO HALLOWEEN 15CM ALTO;Halloween
CAJA RECTANGULAR GRANDE FELIZ NAVIDAD 21X26X7,5 PT C/10;Navidad
CAJA RECTANGULAR MEDIANA FELIZ NAVIDAD 18X7,5X21 PT C/10;Navidad
SACO TRANSP. DEC. 52X90 SHOW DE BOLAS NAVIDEÑAS C/05;Navidad
"CAJA REDONDA DE METAL ""MUÑECOS EN TRINEO"" X3 PZAS 03369-14";Navidad
CANASTA CON 9 MINI MINI MUÑECOS DECORATIVOS DE  PAPA NOEL;Navidad
RAMA NAVIDEÑA HOJAS, FRUTAS Y PIÑAS  ALT.33,00 X LARG. 9,00;Navidad
ADORNO PARA HALLOWEEN INFLABLE DECORATIVO OPERA A CORRIENTE;Halloween
CANASTA CON 9 MINI MUÑECOS DECORATIVOS DE SANTA  Y HOMBRE DE NIEVE;Navidad
ARBOL DE NAVIDAD NEVADA CON CEREZAS Y PIÑAS  ALT. 180CM;Navidad
BASES HALLOWEEN DISEÑO BOO PQTE X 10;Halloween
GLOBO SILUETA MURCIÉLAGO DE HALLOWEEN;Halloween
BOLSA TRANSPARENTE 25X35 - FIESTA DE PANETON BLANCO-500 GRS C/100;Navidad
PAPA NOEL C/ SACO Y SKI   ALT. 47,00 X  LARG. 28,00;Navidad
ARBOL DE CERAMICA COLOR DORADO C/LUCES LED 16.7 X 15.5 X 37CM;Navidad
SACO TRANSP. DEC. 52X90 SUPER NOEL  C/05;Navidad
GUIRNALDA DE PAPEL CEMENTERIO HALLOWEEN;Halloween
PAPA NOEL C/ SACO BLANCO  ALT. 60,00 X  LARG. 45,00;Navidad
"BALDE DE METAL COLOR AZUL ""COPOS DE NIEVE"" (P) 12137";Navidad
CAJA RECTANGULAR PEQUEÑA MAGIA DE NAVIDAD 15X6X18 C/10;Navidad
DECORACIÓN COLGANTE ESQUELETO 90 CM;Halloween
ENVOLTURA PARA DULCES - CALAVERA ROSADA  C/24 UN.;Halloween
"CAJA REDONDA DE METAL ""PINGÜINO CON REGALOS"" X3 PZAS 0336-16";Navidad
PAPA NOEL DE CERAMICA 11.3 X 9.4 X 13.2 CM;Navidad
PACK DE 3 ADHESIVOS GELATINA HALLOWEEN;Halloween
RAMA NAVIDEÑA HOJAS, FRUTAS Y PIÑAS  ALT.72,00 X LARG. 23,00;Navidad
CAJAS PARA PALOMITAS ESQUELETO 6 UND;Halloween
RAMA NAVIDEÑA  HOJAS Y CEREZAS ALT. 16,00 X LARG. 9,00;Navidad
PAPA NOEL C/ SACO BLANCO  ALT. 45,00 X  LARG. 26,00;Navidad
CAJA RECTANGULAR PEQUEÑAFELIZ NAVIDAD 15X6X18 PT C/10;Navidad
BALDE DE METAL DIS. COPOS DE NIEVE Y RENO (M) GX2043-SS;Navidad
RAMA NAVIDEÑA  HOJAS Y CEREZAS ALT. 26,00 X LARG. 14,00;Navidad
RENO DECORATIVO DE CERAMICA COLOR DORADO 12.5 X 8.8 X 12.7CM;Navidad
ENVOLTURA PARA DULCES - CALAVERA NARANJA C/24 UN.;Halloween
BOLSAS PARA DULCES HALLOWEEN CON ASA 12 UD.;Halloween
"CAJA REDONDA DE METAL ""RENO EN NIEVE"" X 3 PZAS 03369-17";Navidad
SET 6 GLOBOS MURCIÉLAGOS HALLOWEEN NARANJA;Halloween
GLOBO CIRCULAR VAMPIRO DE HALLOWEEN X5;Halloween
SACO TRANSP 52X70 NAVIDAD HORA DE ALEGRIA PT C/25;Navidad
SACO TRANSP 72X90 NAVIDAD HORA DE ALEGRIA PT C/25;Navidad
GLOBO SILUETA CABEZA FRANKENSTEIN X10;Halloween
CALABAZAS SET 06PZS DE PLÁSTICO HALLOWEEN;Halloween
SOPORTE ESPECIAL MANSION DEL TERROR 35,5X35,5X38  C/01 UN;Halloween
ARBOL DE CERAMICA COLOR DORADO C/LUCES LED 12.2 X 11.8 X 27.5C;Navidad
CESTA DE CARTON TIEMPO DE NAVIDAD G 32X24X11  C/01 UND;Navidad
SACO TRANSP. DEC. 52X90 SHOW DE BOLAS NAVIDEÑAS C/25;Navidad
CAJA RECTANGULAR MEDIANA MAGIA DE NAVIDAD 18X7,5X21 C/10;Navidad
MUÑECO DE NIEVE DE CERAMICA 14.5 X 11 X 20.5CM;Navidad
RAMA NAVIDEÑA  HOJAS Y CEREZAS  ALT. 56,00 X LARG. 18,00;Navidad
